/*****************************************/
/******** LIMPIEZA BASE DE DATOS *********/
/*****************************************/

DROP TABLE DETALLE_POSTULACION;
DROP TABLE CABECERA_POSTULACION;
DROP TABLE DETALLE_PV;
DROP TABLE DETALLE_OC;
DROP TABLE CABECERA_OC;
DROP TABLE DETALLE_SUBASTA;
DROP TABLE CABECERA_SUBASTA;
DROP TABLE DETALLE_SOBRANTE;
DROP TABLE PRODUCTO;
DROP TABLE CALIDAD;
DROP TABLE CATEGORIA;
DROP TABLE CABECERA_SOBRANTE;
DROP TABLE CABECERA_PV;
DROP TABLE ESTADO_VENTA;
DROP TABLE ESTADO_SUBASTA;
DROP TABLE CONTRATO;
DROP TABLE PRODUCTOR;
DROP TABLE EMPRESA_TRANSPORTE;
DROP TABLE CLIENTE;
DROP TABLE TIPO_CLIENTE;
DROP TABLE USUARIO;
DROP TABLE ESTD_CTA;
DROP TABLE PERFIL;
DROP TABLE COMUNA;
DROP TABLE PROVINCIA;
DROP TABLE REGION;
DROP TABLE PAIS;

DROP SEQUENCE DETALLE_POSTULACION_SEQ;
DROP SEQUENCE CABECERA_POSTULACION_SEQ;
DROP SEQUENCE DETALLE_PV_SEQ;
DROP SEQUENCE DETALLE_OC_SEQ;
DROP SEQUENCE CABECERA_OC_SEQ;
DROP SEQUENCE DETALLE_SUBASTA_SEQ;
DROP SEQUENCE CABECERA_SUBASTA_SEQ;
DROP SEQUENCE DETALLE_SOBRANTE_SEQ;
DROP SEQUENCE PRODUCTO_SEQ;
DROP SEQUENCE CALIDAD_SEQ;
DROP SEQUENCE CATEGORIA_SEQ;
DROP SEQUENCE CABECERA_SOBRANTE_SEQ;
DROP SEQUENCE CABECERA_PV_SEQ;
DROP SEQUENCE ESTADO_VENTA_SEQ;
DROP SEQUENCE ESTADO_SUBASTA_SEQ;
DROP SEQUENCE CONTRATO_SEQ;
DROP SEQUENCE PRODUCTOR_SEQ;
DROP SEQUENCE EMPRESA_TRANSPORTE_SEQ;
DROP SEQUENCE CLIENTE_SEQ;
DROP SEQUENCE TIPO_CLIENTE_SEQ;
DROP SEQUENCE USUARIO_SEQ;
DROP SEQUENCE ESTD_CTA_SEQ;
DROP SEQUENCE PERFIL_SEQ;
DROP SEQUENCE PAIS_SEQ;

/*****************************************/
/*********** CREACION DE TABLAS **********/
/*****************************************/

CREATE TABLE PAIS 
(
    ID NUMBER(3),
    NOMBRE VARCHAR2(100) NOT NULL,
    CONSTRAINT PK_PAIS PRIMARY KEY(ID)
);

CREATE TABLE REGION
(
    ID NUMBER(3),
    NOMBRE VARCHAR2(100) NOT NULL,
    ID_PAIS NUMBER(3) NOT NULL,
    CONSTRAINT PK_REGION PRIMARY KEY(ID)
);
ALTER TABLE REGION ADD CONSTRAINT FK_PAIS_REGION 
    FOREIGN KEY (ID_PAIS)
    REFERENCES PAIS (ID);

CREATE TABLE PROVINCIA
(
    ID NUMBER(3),
    NOMBRE VARCHAR2(100) NOT NULL,
    ID_REGION NUMBER(3) NOT NULL,
CONSTRAINT PK_PROVINCIA PRIMARY KEY(ID)
);

ALTER TABLE PROVINCIA ADD CONSTRAINT FK_REGION_PROVINCIA 
    FOREIGN KEY (ID_REGION) 
    REFERENCES REGION (ID);

CREATE TABLE COMUNA
(
    ID NUMBER(3),
    NOMBRE_COMUNA VARCHAR2(100) NOT NULL,
    ID_PROVINCIA NUMBER(3) NOT NULL,
    CONSTRAINT PK_COMUNA PRIMARY KEY (ID)
);

ALTER TABLE COMUNA ADD CONSTRAINT FK_PROVINCIA_COMUNA
    FOREIGN KEY (ID_PROVINCIA)
    REFERENCES PROVINCIA (ID);

CREATE TABLE PERFIL 
(
    ID_PERFIL NUMBER(3),
    DESC_PERFIL VARCHAR2(100) NOT NULL,
    CONSTRAINT PK_PERFIL PRIMARY KEY(ID_PERFIL)
);


CREATE TABLE ESTD_CTA
(
    ID_ESTD_CTA NUMBER(3),
    NOMBRE_ESTD_CTA VARCHAR2(20) NOT NULL,
    CONSTRAINT PK_ESTD_CTA PRIMARY KEY(ID_ESTD_CTA)
);

CREATE TABLE USUARIO
(
    ID_USUARIO NUMBER(6) NOT NULL,
    NOMBRE_USUARIO  VARCHAR2(100) NOT NULL,
    PASSWORD  VARCHAR2(20) NOT NULL,
    FECHA_CREACION DATE,
    ID_PERFIL NUMBER(3) NOT NULL,
    ID_ESTD_CTA NUMBER(3),
    CONSTRAINT PK_USUARIO PRIMARY KEY (ID_USUARIO)
); 
ALTER TABLE USUARIO ADD CONSTRAINT FK_USUARIO_PERFIL
FOREIGN KEY (ID_PERFIL)
REFERENCES PERFIL (ID_PERFIL);

ALTER TABLE USUARIO ADD CONSTRAINT FK_USUARIO_ESTD_CTA
FOREIGN KEY (ID_ESTD_CTA)
REFERENCES ESTD_CTA (ID_ESTD_CTA);


CREATE TABLE TIPO_CLIENTE
(
    ID_TIPO NUMBER(3),
    DESC_TIPO  VARCHAR2(100) NOT NULL,
    CONSTRAINT PK_TIPO_CLIENTE PRIMARY KEY (ID_TIPO)
); 

CREATE TABLE CLIENTE
(
    RUT NUMBER(8),
    DV_RUT VARCHAR2(1) NOT NULL,
    RAZON_SOCIAL VARCHAR2(200) NOT NULL,
    DIRECCION VARCHAR2(150) NOT NULL,
    GIRO VARCHAR2(100) NOT NULL,
    ID_COMUNA NUMBER(3) NOT NULL,
    ID_USUARIO NUMBER(6) NOT NULL,
    ID_TIPO NUMBER(3) NOT NULL,
    CONSTRAINT PK_CLIENTE PRIMARY KEY (RUT)
); 

ALTER TABLE CLIENTE ADD CONSTRAINT FK_CLIENTE_USUARIO
    FOREIGN KEY (ID_USUARIO)
    REFERENCES USUARIO (ID_USUARIO);

ALTER TABLE CLIENTE ADD CONSTRAINT FK_CLIENTE_COMUNA
    FOREIGN KEY (ID_COMUNA)
    REFERENCES COMUNA (ID);

ALTER TABLE CLIENTE ADD CONSTRAINT FK_CLIENTE_TIPO
    FOREIGN KEY (ID_TIPO)
    REFERENCES TIPO_CLIENTE (ID_TIPO);

CREATE TABLE EMPRESA_TRANSPORTE
(
    ID_EMPRESA NUMBER(8),
    NOMBRE_EMPRESA VARCHAR2(200) NOT NULL,
    ID_USUARIO NUMBER(6) NOT NULL,
    CONSTRAINT PK_EMPRESA_TRANS PRIMARY KEY (ID_EMPRESA)
); 

ALTER TABLE EMPRESA_TRANSPORTE ADD CONSTRAINT FK_TRANS_USUARIO
    FOREIGN KEY (ID_USUARIO)
    REFERENCES USUARIO (ID_USUARIO);


CREATE TABLE PRODUCTOR
(
    RUT NUMBER(8),
    DV_RUT VARCHAR2(1) NOT NULL,
    RAZON_SOCIAL VARCHAR2(200) NOT NULL,
    DIRECCION VARCHAR2(150) NOT NULL,
    GIRO VARCHAR2(100) NOT NULL,
    ID_COMUNA NUMBER(3) NOT NULL,
    ID_USUARIO NUMBER(6) NOT NULL,
    CONSTRAINT PK_PRODUCTOR PRIMARY KEY (RUT)
); 

ALTER TABLE PRODUCTOR ADD CONSTRAINT FK_PRODUCTOR_USUARIO
    FOREIGN KEY (ID_USUARIO)
    REFERENCES USUARIO (ID_USUARIO);

ALTER TABLE PRODUCTOR ADD CONSTRAINT FK_PRODUCTOR_COMUNA
    FOREIGN KEY (ID_COMUNA)
    REFERENCES COMUNA (ID);

CREATE TABLE CONTRATO
(
    ID_CONTRATO NUMBER(8),
    FECHA_INICIO DATE NOT NULL,
    FECHA_TERMINO DATE NOT NULL,
    RUT_PRODUCTOR NUMBER(8) NOT NULL,
    CONSTRAINT PK_CONTRATO PRIMARY KEY (ID_CONTRATO)
); 

ALTER TABLE CONTRATO ADD CONSTRAINT FK_CONTRATO_PRODUCTOR
    FOREIGN KEY (RUT_PRODUCTOR)
    REFERENCES PRODUCTOR (RUT);

CREATE TABLE ESTADO_VENTA
(
    ID_ESTADO_PV NUMBER(3),
    DESC_ESTADO VARCHAR2(100) NOT NULL,
    CONSTRAINT PK_ESTADO PRIMARY KEY (ID_ESTADO_PV)
); 

CREATE TABLE ESTADO_SUBASTA
(
    ID_ESTADO_SUBASTA NUMBER(3),
    DESC_ESTADO VARCHAR2(100) NOT NULL,
    CONSTRAINT PK_ESTADO_SUBASTA PRIMARY KEY (ID_ESTADO_SUBASTA)
); 


CREATE TABLE CABECERA_PV
(
    ID_CABECERA_PV NUMBER(8),
    FECHA_EMISION DATE NOT NULL,
    OBS_PV VARCHAR2(300),
    RUT_CLIENTE NUMBER(8) NOT NULL,
    ESTADO_PV NUMBER(3) NOT NULL,
    EMPRESA_TRANS NUMBER(8),
    CONSTRAINT PK_CABECERA_PV PRIMARY KEY (ID_CABECERA_PV)
); 

ALTER TABLE CABECERA_PV ADD CONSTRAINT FK_PV_CLIENTE
    FOREIGN KEY (RUT_CLIENTE)
    REFERENCES CLIENTE (RUT);

ALTER TABLE CABECERA_PV ADD CONSTRAINT FK_PV_ESTADO
    FOREIGN KEY (ESTADO_PV)
    REFERENCES ESTADO_VENTA (ID_ESTADO_PV);

ALTER TABLE CABECERA_PV ADD CONSTRAINT FK_PV_TRANS
    FOREIGN KEY (EMPRESA_TRANS)
    REFERENCES EMPRESA_TRANSPORTE (ID_EMPRESA);

CREATE TABLE CABECERA_SOBRANTE
(
    ID_CAB_SOBRANTE NUMBER(3),
    ID_CABECERA_PV NUMBER(8),
    CONSTRAINT PK_CABECERA_SOBRANTE PRIMARY KEY(ID_CAB_SOBRANTE)
);


ALTER TABLE CABECERA_SOBRANTE ADD CONSTRAINT FK_CABECERA_SOBRA_CABECERA_PV
FOREIGN KEY (ID_CABECERA_PV)
REFERENCES CABECERA_PV;

CREATE TABLE CATEGORIA
(
    ID_CATEGORIA NUMBER(3),
    NOMBRE_CATEGORIA VARCHAR(20) NOT NULL,
    CONSTRAINT PK_CATEGORIA PRIMARY KEY (ID_CATEGORIA)    
);

CREATE TABLE CALIDAD
(
    ID_CALIDAD NUMBER(3),
    DESCRIPCION VARCHAR2(20) NOT NULL,
    CONSTRAINT PK_CALIDAD PRIMARY KEY (ID_CALIDAD)
);

CREATE TABLE PRODUCTO
(
    ID_PRODUCTO NUMBER(3) NOT NULL,
    ID_CATEGORIA NUMBER(3),
    NOMBRE_PRODUCTO VARCHAR2(20) NOT NULL,
    PRECIO NUMBER(8) NOT NULL,
    ID_CALIDAD NUMBER(3),
    PORCENTAJE_MERMA FLOAT,
    CONSTRAINT PK_PRODUCTO PRIMARY KEY (ID_PRODUCTO)
);

ALTER TABLE PRODUCTO ADD CONSTRAINT FK_PRODUCTO_CALIDAD
    FOREIGN KEY (ID_CALIDAD)
    REFERENCES CALIDAD (ID_CALIDAD);

ALTER TABLE PRODUCTO ADD CONSTRAINT FK_PRODUCTO_CATEGORIA
    FOREIGN KEY (ID_CATEGORIA)
    REFERENCES CATEGORIA (ID_CATEGORIA);

CREATE TABLE DETALLE_SOBRANTE
(
    ID_SOBRANTE NUMBER(3),
    ID_CAB_SOBRANTE NUMBER(3) NOT NULL,
    ID_PRODUCTO NUMBER(3) NOT NULL,
    CANTIDAD NUMBER(8),
    CONSTRAINT PK_DETALLE_SOBRANTES PRIMARY KEY (ID_SOBRANTE)
);

ALTER TABLE DETALLE_SOBRANTE ADD CONSTRAINT FK_DETALLE_SOBRANTE_PRODUCTO
    FOREIGN KEY (ID_PRODUCTO)
    REFERENCES PRODUCTO (ID_PRODUCTO);

ALTER TABLE DETALLE_SOBRANTE ADD CONSTRAINT FK_DS_CS
    FOREIGN KEY (ID_CAB_SOBRANTE)
    REFERENCES CABECERA_SOBRANTE (ID_CAB_SOBRANTE);


CREATE TABLE CABECERA_SUBASTA
(
    ID_CABECERA_SUBASTA NUMBER(8),
    FECHA_LIMITE_ENTREGA DATE NOT NULL,
    ID_COMUNA NUMBER(3) NOT NULL,
    ID_CABECERA_PV NUMBER(8) NOT NULL,
    ID_ESTADO_SUBASTA NUMBER(8) NOT NULL,
    CONSTRAINT PK_CABECERA_SUBASTA PRIMARY KEY (ID_CABECERA_SUBASTA)
);

ALTER TABLE CABECERA_SUBASTA ADD CONSTRAINT FK_C_SUBASTA_COMUNA
    FOREIGN KEY (ID_COMUNA)
    REFERENCES COMUNA (ID);

ALTER TABLE CABECERA_SUBASTA ADD CONSTRAINT FK_C_SUBASTA_PV
    FOREIGN KEY (ID_CABECERA_PV)
    REFERENCES CABECERA_PV (ID_CABECERA_PV);

ALTER TABLE CABECERA_SUBASTA ADD CONSTRAINT FK_SUBASTA_ESTADO
    FOREIGN KEY (ID_ESTADO_SUBASTA)
    REFERENCES ESTADO_SUBASTA (ID_ESTADO_SUBASTA);

CREATE TABLE DETALLE_SUBASTA
(
    ID_DETALLE_SUBASTA NUMBER(8),
    FECHA_ESTIMADA_ENTREGA DATE NOT NULL,
    CAPACIDAD_CARGA VARCHAR2(200),
    REFRIGERACION VARCHAR2(200),
    PESO_MAX VARCHAR2(200),
    EXTRAS VARCHAR2(200),
    PRECIO NUMBER(8),
    ID_CABECERA_SUBASTA NUMBER(8) NOT NULL,
    ID_EMPRESA_TRANS NUMBER(8),
    CONSTRAINT PK_DETALLE_SUBASTA PRIMARY KEY (ID_DETALLE_SUBASTA)
);

ALTER TABLE DETALLE_SUBASTA ADD CONSTRAINT FK_D_SUBASTA_TRANS
    FOREIGN KEY (ID_EMPRESA_TRANS)
    REFERENCES EMPRESA_TRANSPORTE (ID_EMPRESA);

ALTER TABLE DETALLE_SUBASTA ADD CONSTRAINT FK_D_SUBASTA_CSUBASTA
    FOREIGN KEY (ID_CABECERA_SUBASTA)
    REFERENCES CABECERA_SUBASTA (ID_CABECERA_SUBASTA);

CREATE TABLE CABECERA_OC
(
    ID_CABECERA_OC NUMBER(8),
    FECHA_EMISION DATE NOT NULL,
    RUT_CLIENTE NUMBER(8) NOT NULL,
    CONSTRAINT PK_CABECERA_OC PRIMARY KEY (ID_CABECERA_OC)
);

ALTER TABLE CABECERA_OC ADD CONSTRAINT FK_OC_CLIENTE
    FOREIGN KEY (RUT_CLIENTE)
    REFERENCES CLIENTE (RUT);

CREATE TABLE DETALLE_OC
(
    ID_DETALLE_OC NUMBER(8),
    CANTIDAD NUMBER(10),
    PRECIO_UNITARIO NUMBER(10),
    ID_PRODUCTO NUMBER(3) NOT NULL,
    ID_CABECERA_OC NUMBER(8) NOT NULL,
    CONSTRAINT PK_DETALLE_OC PRIMARY KEY (ID_DETALLE_OC)
);

ALTER TABLE DETALLE_OC ADD CONSTRAINT FK_DETALLE_CABECERA_OC
    FOREIGN KEY (ID_CABECERA_OC)
    REFERENCES CABECERA_OC (ID_CABECERA_OC);

ALTER TABLE DETALLE_OC ADD CONSTRAINT FK_DETALLE_PRODUCTO_OC
    FOREIGN KEY (ID_PRODUCTO)
    REFERENCES PRODUCTO (ID_PRODUCTO);

CREATE TABLE DETALLE_PV
(
    ID_DETALLE_PV NUMBER(3),
    ID_PRODUCTO NUMBER(3),
    CANTIDAD NUMBER(8),
    PRECIO_UNITARIO NUMBER(8),
    ID_CABECERA_PV NUMBER(3),
    CONSTRAINT PK_DETALLE_PV PRIMARY KEY (ID_DETALLE_PV)
);

ALTER TABLE DETALLE_PV ADD CONSTRAINT FK_DETALLE_PV_PRODUCTO
FOREIGN KEY (ID_PRODUCTO)
REFERENCES PRODUCTO (ID_PRODUCTO);


CREATE TABLE CABECERA_POSTULACION
(
    ID_CABECERA_POSTULACION NUMBER(8),
    FECHA_EMISION DATE,
    RUT_PRODUCTOR NUMBER(8),
    CABECERA_PV NUMBER(8),
    CONSTRAINT PK_CABECERA_POSTULACION PRIMARY KEY (ID_CABECERA_POSTULACION)
);

ALTER TABLE CABECERA_POSTULACION ADD CONSTRAINT FK_C_POSTULACION_PRODUCTOR
FOREIGN KEY (RUT_PRODUCTOR)
REFERENCES PRODUCTOR (RUT);


ALTER TABLE CABECERA_POSTULACION ADD CONSTRAINT FK_C_POSTULACION_PV
FOREIGN KEY (CABECERA_PV)
REFERENCES CABECERA_PV (ID_CABECERA_PV);


CREATE TABLE DETALLE_POSTULACION
(
    ID_DETALLE_POSTULACION NUMBER(8),
    ID_CABECERA_POSTULACION NUMBER(8),
    ID_PRODUCTO NUMBER(3),
    CANTIDAD NUMBER(8),
    PRECIO_UNITARIO NUMBER(8),
    CONSTRAINT PK_DETALLE_POSTULACION PRIMARY KEY (ID_DETALLE_POSTULACION)
);

ALTER TABLE DETALLE_POSTULACION ADD CONSTRAINT FK_DETALLE_POST_CABECERA_POST
FOREIGN KEY (ID_CABECERA_POSTULACION)
REFERENCES CABECERA_POSTULACION (ID_CABECERA_POSTULACION);

ALTER TABLE DETALLE_POSTULACION ADD CONSTRAINT FK_D_POSTULACION_PRODUCTO
FOREIGN KEY (ID_PRODUCTO)
REFERENCES PRODUCTO (ID_PRODUCTO);

/*****************************************/
/*************** SECUENCIAS **************/
/*****************************************/
CREATE SEQUENCE DETALLE_POSTULACION_SEQ START WITH 1 INCREMENT BY 1;
CREATE SEQUENCE CABECERA_POSTULACION_SEQ START WITH 1 INCREMENT BY 1;
CREATE SEQUENCE DETALLE_PV_SEQ START WITH 1 INCREMENT BY 1;
CREATE SEQUENCE DETALLE_OC_SEQ START WITH 1 INCREMENT BY 1;
CREATE SEQUENCE CABECERA_OC_SEQ START WITH 1 INCREMENT BY 1;
CREATE SEQUENCE DETALLE_SUBASTA_SEQ START WITH 1 INCREMENT BY 1;
CREATE SEQUENCE CABECERA_SUBASTA_SEQ START WITH 1 INCREMENT BY 1;
CREATE SEQUENCE DETALLE_SOBRANTE_SEQ START WITH 1 INCREMENT BY 1;
CREATE SEQUENCE PRODUCTO_SEQ START WITH 1 INCREMENT BY 1;
CREATE SEQUENCE CATEGORIA_SEQ START WITH 1 INCREMENT BY 1;
CREATE SEQUENCE CABECERA_SOBRANTE_SEQ START WITH 1 INCREMENT BY 1;
CREATE SEQUENCE CABECERA_PV_SEQ START WITH 1 INCREMENT BY 1;
CREATE SEQUENCE ESTADO_VENTA_SEQ START WITH 1 INCREMENT BY 1;
CREATE SEQUENCE ESTADO_SUBASTA_SEQ START WITH 1 INCREMENT BY 1;
CREATE SEQUENCE CONTRATO_SEQ START WITH 1 INCREMENT BY 1;
CREATE SEQUENCE PRODUCTOR_SEQ START WITH 1 INCREMENT BY 1;
CREATE SEQUENCE EMPRESA_TRANSPORTE_SEQ START WITH 1 INCREMENT BY 1;
CREATE SEQUENCE CLIENTE_SEQ START WITH 1 INCREMENT BY 1;
CREATE SEQUENCE USUARIO_SEQ START WITH 1 INCREMENT BY 1;
CREATE SEQUENCE PERFIL_SEQ START WITH 1 INCREMENT BY 1;
CREATE SEQUENCE PAIS_SEQ START WITH 1 INCREMENT BY 1;
CREATE SEQUENCE CALIDAD_SEQ START WITH 1 INCREMENT BY 1;
CREATE SEQUENCE TIPO_CLIENTE_SEQ START WITH 1 INCREMENT BY 1;
CREATE SEQUENCE ESTD_CTA_SEQ START WITH 1 INCREMENT BY 1;


/*****************************************/
/******* PROCEDIMIENTO ALMACENADOS *******/
/*****************************************/

/**** USUARIO ****/

-- INGRESAR USUARIO
CREATE OR REPLACE PROCEDURE SP_INGRESAR_USUARIO (
    NOMBRE_USUARIO IN USUARIO.NOMBRE_USUARIO%TYPE,
    PASSWORD IN USUARIO.PASSWORD%TYPE,
    FECHA_CREACION IN USUARIO.FECHA_CREACION%TYPE,
    ID_PERFIL IN USUARIO.ID_PERFIL%TYPE,
    ID_ESTD_CTA IN USUARIO.ID_ESTD_CTA%TYPE
) IS

BEGIN
    INSERT INTO USUARIO ("ID_USUARIO", "NOMBRE_USUARIO", "PASSWORD", "FECHA_CREACION", "ID_PERFIL", "ID_ESTD_CTA") 
    VALUES (USUARIO_SEQ.NEXTVAL, NOMBRE_USUARIO, PASSWORD, FECHA_CREACION, ID_PERFIL, ID_ESTD_CTA);
    
    COMMIT;
END;
/

-- ELIMINAR USUARIO
CREATE OR REPLACE PROCEDURE SP_ELIMINAR_USUARIO (ID IN NUMBER) IS

BEGIN
    DELETE FROM USUARIO 
    WHERE  ID_USUARIO = ID;
    
    COMMIT;
END;
/

-- ACTUALIZAR USUARIO
CREATE OR REPLACE PROCEDURE SP_ACTUALIZAR_USUARIO (
    ID IN USUARIO.ID_USUARIO%TYPE,
    NOMBRE IN USUARIO.NOMBRE_USUARIO%TYPE,
    PASS IN USUARIO.PASSWORD%TYPE,
    FECHA IN USUARIO.FECHA_CREACION%TYPE,
    PERFIL IN USUARIO.ID_PERFIL%TYPE,
    ESTD_CTA IN USUARIO.ID_ESTD_CTA%TYPE
) IS

BEGIN
    UPDATE USUARIO 
    SET 
    NOMBRE_USUARIO = NOMBRE,
    PASSWORD = PASS,
    FECHA_CREACION = FECHA,
    ID_PERFIL = PERFIL,
    ID_ESTD_CTA = ESTD_CTA
    WHERE ID_USUARIO = ID;
    
    COMMIT;
END;
/

-- LISTAR USUARIOS
-- ! CON ERRORES
-- CREATE OR REPLACE PROCEDURE SP_LISTAR_USUARIOS (USUARIOS OUT USUARIO%ROWTYPE) IS

-- BEGIN
--     SELECT * INTO USUARIOS FROM USUARIO;
-- END;
-- /

-- BUSCAR USUARIO
-- ! CON ERRORES
-- CREATE OR REPLACE PROCEDURE SP_BUSCAR_USUARIO (ID_USUARIO_BUSCADO IN NUMBER, USUARIO_ENCONTRADO OUT USUARIO%ROWTYPE) IS

-- BEGIN
--     SELECT * INTO USUARIO_ENCONTRADO    
--     FROM USUARIO
--     WHERE ID_USUARIO = ID_USUARIO_BUSCADO;
    
-- END;
-- /

-- SET SERVEROUTPUT ON;

-- DECLARE
--     ID_USUARIO_BUSCADO NUMBER;
--     USUARIO_ENCONTRADO USUARIO%ROWTYPE;
-- BEGIN
--     ID_USUARIO_BUSCADO := 6;
--     SP_BUSCAR_USUARIO(ID_USUARIO_BUSCADO, USUARIO_ENCONTRADO);
--     DBMS_OUTPUT.PUT_LINE(USUARIO_ENCONTRADO.NOMBRE_USUARIO);
-- END;
-- /

/**** CLIENTE ****/
-- INGRESAR CLIENTE
CREATE OR REPLACE PROCEDURE SP_INGRESAR_CLIENTE (
    RUT IN CLIENTE.RUT%TYPE,
    DV_RUT IN CLIENTE.DV_RUT%TYPE,
    RAZON_SOCIAL IN CLIENTE.RAZON_SOCIAL%TYPE,
    DIRECCION IN CLIENTE.DIRECCION%TYPE,
    GIRO IN CLIENTE.GIRO%TYPE,
    ID_COMUNA IN CLIENTE.ID_COMUNA%TYPE,
    ID_USUARIO IN CLIENTE.ID_USUARIO%TYPE,
    ID_TIPO IN CLIENTE.ID_TIPO%TYPE
) IS

BEGIN
    INSERT INTO CLIENTE ("RUT", "DV_RUT", "RAZON_SOCIAL", "DIRECCION", "GIRO", "ID_COMUNA", "ID_USUARIO", "ID_TIPO") 
    VALUES (RUT, DV_RUT, RAZON_SOCIAL, DIRECCION, GIRO, ID_COMUNA, ID_USUARIO, ID_TIPO);
    
    COMMIT;
END;
/

-- ELIMINAR CLIENTE
CREATE OR REPLACE PROCEDURE SP_ELIMINAR_CLIENTE (RUT_CLIENTE IN NUMBER) IS

BEGIN
    DELETE FROM CLIENTE 
    WHERE  RUT = RUT_CLIENTE;
    
    COMMIT;
END;
/


-- ACTUALIZAR CLIENTE
CREATE OR REPLACE PROCEDURE SP_ACTUALIZAR_CLIENTE (
    RUT_CLIENTE IN CLIENTE.RUT%TYPE,
    DV_RUT_CLIENTE IN CLIENTE.DV_RUT%TYPE,
    RAZON_SOCIAL_CLIENTE IN CLIENTE.RAZON_SOCIAL%TYPE,
    DIRECCION_CLIENTE IN CLIENTE.DIRECCION%TYPE,
    GIRO_CLIENTE IN CLIENTE.GIRO%TYPE,
    ID_COMUNA_CLIENTE IN CLIENTE.ID_COMUNA%TYPE,
    ID_USUARIO_CLIENTE IN CLIENTE.ID_USUARIO%TYPE,
    ID_TIPO_CLIENTE IN CLIENTE.ID_TIPO%TYPE
) IS

BEGIN
    UPDATE CLIENTE 
    SET 
    DV_RUT = DV_RUT_CLIENTE,
    RAZON_SOCIAL = RAZON_SOCIAL_CLIENTE,
    DIRECCION = DIRECCION_CLIENTE,
    GIRO = GIRO_CLIENTE,
    ID_COMUNA = ID_COMUNA_CLIENTE,
    ID_USUARIO = ID_USUARIO_CLIENTE,
    ID_TIPO = ID_TIPO_CLIENTE
    WHERE RUT = RUT_CLIENTE;
    
    COMMIT;
END;
/


/**** CATEGORIA ****/
-- INGRESAR CATEGORIA
CREATE OR REPLACE PROCEDURE SP_INGRESAR_CATEGORIA (
    NOMBRE_CATEGORIA IN CATEGORIA.NOMBRE_CATEGORIA%TYPE
) IS

BEGIN
    INSERT INTO CATEGORIA ("ID_CATEGORIA", "NOMBRE_CATEGORIA") 
    VALUES (CATEGORIA_SEQ.NEXTVAL, NOMBRE_CATEGORIA);
    
    COMMIT;
END;
/

-- ELIMINAR CATEGORIA
CREATE OR REPLACE PROCEDURE SP_ELIMINAR_CATEGORIA (ID IN NUMBER) IS

BEGIN
    DELETE FROM CATEGORIA 
    WHERE  ID_CATEGORIA = ID;
    
    COMMIT;
END;
/

-- ACTUALIZAR CATEGORIA
CREATE OR REPLACE PROCEDURE SP_ACTUALIZAR_CATEGORIA (
    ID IN CATEGORIA.ID_CATEGORIA%TYPE,
    NOMBRE IN CATEGORIA.NOMBRE_CATEGORIA%TYPE
) IS

BEGIN
    UPDATE CATEGORIA 
    SET 
    NOMBRE_CATEGORIA = NOMBRE
    WHERE ID_CATEGORIA = ID;
    
    COMMIT;
END;
/


/**** PRODUCTO ****/

-- INGRESAR PRODUCTO
CREATE OR REPLACE PROCEDURE SP_INGRESAR_PRODUCTO (
    ID_CATEGORIA IN PRODUCTO.ID_CATEGORIA%TYPE,
    NOMBRE_PRODUCTO IN PRODUCTO.NOMBRE_PRODUCTO%TYPE,
    PRECIO IN PRODUCTO.PRECIO%TYPE,
    ID_CALIDAD IN PRODUCTO.ID_CALIDAD%TYPE,
    PORCENTAJE_MERMA IN PRODUCTO.PORCENTAJE_MERMA%TYPE
) IS

BEGIN
    INSERT INTO PRODUCTO ("ID_PRODUCTO", "ID_CATEGORIA", "NOMBRE_PRODUCTO", "PRECIO", "ID_CALIDAD", "PORCENTAJE_MERMA") 
    VALUES (PRODUCTO_SEQ.NEXTVAL, ID_CATEGORIA, NOMBRE_PRODUCTO, PRECIO, ID_CALIDAD, PORCENTAJE_MERMA);
    
    COMMIT;
END;
/

-- ELIMINAR PRODUCTO
CREATE OR REPLACE PROCEDURE SP_ELIMINAR_PRODUCTO (ID IN NUMBER) IS

BEGIN
    DELETE FROM PRODUCTO 
    WHERE  ID_PRODUCTO = ID;
    
    COMMIT;
END;
/

-- ACTUALIZAR PRODUCTO
CREATE OR REPLACE PROCEDURE SP_ACTUALIZAR_PRODUCTO (
    ID IN PRODUCTO.ID_PRODUCTO%TYPE,
    CATEGORIA IN PRODUCTO.ID_CATEGORIA%TYPE,
    NOMBRE IN PRODUCTO.NOMBRE_PRODUCTO%TYPE,
    PRECIO_PRODUCTO IN PRODUCTO.PRECIO%TYPE,
    CALIDAD IN PRODUCTO.ID_CALIDAD%TYPE,
    MERMA IN PRODUCTO.PORCENTAJE_MERMA%TYPE
) IS

BEGIN
    UPDATE PRODUCTO 
    SET 
    ID_CATEGORIA = CATEGORIA,
    NOMBRE_PRODUCTO = NOMBRE,
    PRECIO = PRECIO_PRODUCTO,
    ID_CALIDAD = CALIDAD,
    PORCENTAJE_MERMA = MERMA
    WHERE ID_PRODUCTO = ID;
    
    COMMIT;
END;
/

/**** PRODUCTOR ****/
-- INGRESAR PRODUCTOR
CREATE OR REPLACE PROCEDURE SP_INGRESAR_PRODUCTOR (
    RUT IN PRODUCTOR.RUT%TYPE,
    DV_RUT IN PRODUCTOR.DV_RUT%TYPE,
    RAZON_SOCIAL IN PRODUCTOR.RAZON_SOCIAL%TYPE,
    DIRECCION IN PRODUCTOR.DIRECCION%TYPE,
    GIRO IN PRODUCTOR.GIRO%TYPE,
    ID_COMUNA IN PRODUCTOR.ID_COMUNA%TYPE,
    ID_USUARIO IN PRODUCTOR.ID_USUARIO%TYPE
) IS

BEGIN
    INSERT INTO PRODUCTOR ("RUT", "DV_RUT", "RAZON_SOCIAL", "DIRECCION", "GIRO", "ID_COMUNA", "ID_USUARIO") 
    VALUES (RUT, DV_RUT, RAZON_SOCIAL, DIRECCION, GIRO, ID_COMUNA, ID_USUARIO);
    
    COMMIT;
END;
/
-- ELIMINAR PRODUCTOR
CREATE OR REPLACE PROCEDURE SP_ELIMINAR_PRODUCTOR (RUTP IN NUMBER) IS

BEGIN
    DELETE FROM PRODUCTOR 
    WHERE  RUTP = RUT;
    
    COMMIT;
END;
/

-- ACTUALIZAR PRODUCTOR
CREATE OR REPLACE PROCEDURE SP_ACTUALIZAR_PRODUCTOR (
    RUTP IN PRODUCTOR.RUT%TYPE,
    DV_RUTP IN PRODUCTOR.DV_RUT%TYPE,
    RAZON_SOCIALP IN PRODUCTOR.RAZON_SOCIAL%TYPE,
    DIRECCIONP IN PRODUCTOR.DIRECCION%TYPE,
    GIROP IN PRODUCTOR.GIRO%TYPE,
    ID_COMUNAP IN PRODUCTOR.ID_COMUNA%TYPE,
    ID_USUARIOP IN PRODUCTOR.ID_USUARIO%TYPE
) IS

BEGIN
    UPDATE PRODUCTOR 
    SET 
    RAZON_SOCIAL = RAZON_SOCIALP,
    DIRECCION = DIRECCIONP,
    GIRO = GIROP,
    ID_COMUNA = ID_COMUNAP,
    ID_USUARIO = ID_USUARIOP
    WHERE RUT = RUTP;
    
    COMMIT;
END;
/

/**** CONTRATO ****/
-- INGRESAR CONTRATO
CREATE OR REPLACE PROCEDURE SP_INGRESAR_CONTRATO (
    FECHA_INICIO IN CONTRATO.FECHA_INICIO%TYPE,
    FECHA_TERMINO IN CONTRATO.FECHA_TERMINO%TYPE,
    RUT_PRODUCTOR IN CONTRATO.RUT_PRODUCTOR%TYPE
) IS

BEGIN
    INSERT INTO CONTRATO ("ID_CONTRATO", "FECHA_INICIO", "FECHA_TERMINO", "RUT_PRODUCTOR") 
    VALUES (CONTRATO_SEQ.NEXTVAL, FECHA_INICIO, FECHA_TERMINO, RUT_PRODUCTOR);
    
    COMMIT;
END;
/

-- ELIMINAR CONTRATO
CREATE OR REPLACE PROCEDURE SP_ELIMINAR_CONTRATO (ID IN NUMBER) IS

BEGIN
    DELETE FROM CONTRATO 
    WHERE  ID = ID_CONTRATO;
    
    COMMIT;
END;
/


-- ACTUALIZAR CONTRATO
CREATE OR REPLACE PROCEDURE SP_ACTUALIZAR_CONTRATO (
    ID IN CONTRATO.ID_CONTRATO%TYPE,
    F_INICIO IN CONTRATO.FECHA_INICIO%TYPE,
    F_TERMINO IN CONTRATO.FECHA_TERMINO%TYPE,
    PRODUCTOR IN CONTRATO.RUT_PRODUCTOR%TYPE
) IS

BEGIN
    UPDATE CONTRATO 
    SET 
    FECHA_INICIO = F_INICIO,
    FECHA_TERMINO = F_TERMINO,
    RUT_PRODUCTOR = PRODUCTOR
    WHERE ID_CONTRATO = ID;

    COMMIT;
END;
/



/**** EMPRESA TRANSPORTE ****/
-- INGRESAR EMPRESA TRANSPORTE
CREATE OR REPLACE PROCEDURE SP_INGRESAR_EMPRESA_TRANSP (
    NOMBRE_EMPRESA IN EMPRESA_TRANSPORTE.NOMBRE_EMPRESA%TYPE,
    ID_USUARIO IN EMPRESA_TRANSPORTE.ID_USUARIO%TYPE
) IS

BEGIN
    INSERT INTO EMPRESA_TRANSPORTE ("ID_EMPRESA", "NOMBRE_EMPRESA", "ID_USUARIO") 
    VALUES (EMPRESA_TRANSPORTE_SEQ.NEXTVAL, NOMBRE_EMPRESA, ID_USUARIO);
    
    COMMIT;
END;
/

-- ELIMINAR EMPRESA TRANSPORTE
CREATE OR REPLACE PROCEDURE SP_ELIMINAR_EMPRESA_TRANSPORTE (ID IN NUMBER) IS

BEGIN
    DELETE FROM EMPRESA_TRANSPORTE 
    WHERE  ID_EMPRESA = ID;
    
    COMMIT;
END;
/

-- ACTUALIZAR EMPRESA TRANSPORTE
CREATE OR REPLACE PROCEDURE SP_ACTUALIZAR_EMPRESA_TRANSP (
    ID IN EMPRESA_TRANSPORTE.ID_EMPRESA%TYPE,
    NOMBRE IN EMPRESA_TRANSPORTE.NOMBRE_EMPRESA%TYPE,
    USUARIO IN EMPRESA_TRANSPORTE.ID_USUARIO%TYPE
) IS

BEGIN
    UPDATE EMPRESA_TRANSPORTE 
    SET 
    NOMBRE_EMPRESA = NOMBRE,
    ID_USUARIO = USUARIO
    WHERE ID_EMPRESA = ID;

    COMMIT;
END;
/


/**** PROCESO DE VENTA CABECERA ****/
-- INGRESAR PROCESO DE VENTA CABECERA
-- ELIMINAR PROCESO DE VENTA CABECERA
-- ACTUALIZAR PROCESO DE VENTA CABECERA

/**** PROCESO DE VENTA DETALLE ****/
-- INGRESAR PROCESO DE VENTA DETALLE
-- ELIMINAR PROCESO DE VENTA DETALLE
-- ACTUALIZAR PROCESO DE VENTA DETALLE

/**** SUBASTA CABECERA ****/
-- INGRESAR SUBASTA CABECERA
-- ELIMINAR SUBASTA CABECERA
-- ACTUALIZAR SUBASTA CABECERA

/**** SUBASTA DETALLE ****/
-- INGRESAR SUBASTA DETALLE
-- ELIMINAR SUBASTA DETALLE
-- ACTUALIZAR SUBASTA DETALLE

/**** ORDEN DE COMPRA CABECERA ****/
-- INGRESAR ORDEN DE COMPRA CABECERA
-- ELIMINAR ORDEN DE COMPRA CABECERA
-- ACTUALIZAR ORDEN DE COMPRA CABECERA

/**** ORDEN DE COMPRA DETALLE ****/
-- INGRESAR ORDEN DE COMPRA DETALLE
-- ELIMINAR ORDEN DE COMPRA DETALLE
-- ACTUALIZAR ORDEN DE COMPRA DETALLE

/**** POSTULACION CABECERA ****/
-- INGRESAR POSTULACION CABECERA
-- ELIMINAR POSTULACION CABECERA
-- ACTUALIZAR POSTULACION CABECERA

/**** POSTULACION DETALLE ****/
-- INGRESAR POSTULACION DETALLE
-- ELIMINAR POSTULACION DETALLE
-- ACTUALIZAR POSTULACION DETALLE

/**** SOBRANTES CABECERA ****/
-- INGRESAR SOBRANTES CABECERA
-- ELIMINAR SOBRANTES CABECERA
-- ACTUALIZAR SOBRANTES CABECERA

/**** SOBRANTES DETALLE ****/
-- INGRESAR SOBRANTES DETALLE
-- ELIMINAR SOBRANTES DETALLE
-- ACTUALIZAR SOBRANTES DETALLE


/*****************************************/
/*********** POBLADO DE TABLAS ***********/
/*****************************************/

INSERT INTO CALIDAD VALUES(CALIDAD_SEQ.NEXTVAL,'Baja');
INSERT INTO CALIDAD VALUES(CALIDAD_SEQ.NEXTVAL,'Media');
INSERT INTO CALIDAD VALUES(CALIDAD_SEQ.NEXTVAL,'Alta');

INSERT INTO CATEGORIA VALUES(CATEGORIA_SEQ.NEXTVAL,'Plátanos');
INSERT INTO CATEGORIA VALUES(CATEGORIA_SEQ.NEXTVAL,'Manzanas');

INSERT INTO TIPO_CLIENTE VALUES(TIPO_CLIENTE_SEQ.NEXTVAL, 'Cliente Externo');
INSERT INTO TIPO_CLIENTE VALUES(TIPO_CLIENTE_SEQ.NEXTVAL, 'Cliente Interno');
INSERT INTO TIPO_CLIENTE VALUES(TIPO_CLIENTE_SEQ.NEXTVAL, 'Comerciante');

INSERT INTO ESTD_CTA VALUES(ESTD_CTA_SEQ.NEXTVAL,'Activa');
INSERT INTO ESTD_CTA VALUES(ESTD_CTA_SEQ.NEXTVAL,'Inactiva');

INSERT INTO PERFIL VALUES(PERFIL_SEQ.NEXTVAL,'Administrador');
INSERT INTO PERFIL VALUES(PERFIL_SEQ.NEXTVAL,'Cliente');
INSERT INTO PERFIL VALUES(PERFIL_SEQ.NEXTVAL,'Transportista');
INSERT INTO PERFIL VALUES(PERFIL_SEQ.NEXTVAL,'Productor');

-- CREACION DE USUARIO ADMINISTRADOR
INSERT INTO USUARIO ("ID_USUARIO", "NOMBRE_USUARIO", "PASSWORD", "FECHA_CREACION", "ID_PERFIL", "ID_ESTD_CTA") 
VALUES (USUARIO_SEQ.NEXTVAL, 'admin', 'admin', SYSDATE, 1, 1);

INSERT INTO USUARIO ("ID_USUARIO", "NOMBRE_USUARIO", "PASSWORD", "FECHA_CREACION", "ID_PERFIL", "ID_ESTD_CTA") 
VALUES (USUARIO_SEQ.NEXTVAL, 'cliente', '123', SYSDATE, 2, 1);

INSERT INTO USUARIO ("ID_USUARIO", "NOMBRE_USUARIO", "PASSWORD", "FECHA_CREACION", "ID_PERFIL", "ID_ESTD_CTA") 
VALUES (USUARIO_SEQ.NEXTVAL, 'transportista', '123', SYSDATE, 3, 1);

INSERT INTO USUARIO ("ID_USUARIO", "NOMBRE_USUARIO", "PASSWORD", "FECHA_CREACION", "ID_PERFIL", "ID_ESTD_CTA") 
VALUES (USUARIO_SEQ.NEXTVAL, 'productor', '123', SYSDATE, 4, 1);

INSERT INTO USUARIO ("ID_USUARIO", "NOMBRE_USUARIO", "PASSWORD", "FECHA_CREACION", "ID_PERFIL", "ID_ESTD_CTA") 
VALUES (USUARIO_SEQ.NEXTVAL, 'productor2', '123', SYSDATE, 4, 1);

-- TRANSPORTES
INSERT INTO EMPRESA_TRANSPORTE ("ID_EMPRESA", "NOMBRE_EMPRESA", "ID_USUARIO") 
VALUES (EMPRESA_TRANSPORTE_SEQ.NEXTVAL, 'Sin transporte asignado', 3);

INSERT INTO EMPRESA_TRANSPORTE ("ID_EMPRESA", "NOMBRE_EMPRESA", "ID_USUARIO") 
VALUES (EMPRESA_TRANSPORTE_SEQ.NEXTVAL, 'Chilexpress', 3);

INSERT INTO EMPRESA_TRANSPORTE ("ID_EMPRESA", "NOMBRE_EMPRESA", "ID_USUARIO") 
VALUES (EMPRESA_TRANSPORTE_SEQ.NEXTVAL, 'Correos de Chile', 3);

-- ESTADOS PROCESO VENTA
INSERT INTO ESTADO_VENTA ("ID_ESTADO_PV", "DESC_ESTADO") 
VALUES (ESTADO_VENTA_SEQ.NEXTVAL, 'En proceso');

INSERT INTO ESTADO_VENTA ("ID_ESTADO_PV", "DESC_ESTADO") 
VALUES (ESTADO_VENTA_SEQ.NEXTVAL, 'Cerrada');

-- ESTADOS SUBASTA TRANSPORTE
INSERT INTO ESTADO_SUBASTA ("ID_ESTADO_SUBASTA", "DESC_ESTADO") 
VALUES (ESTADO_SUBASTA_SEQ.NEXTVAL, 'En proceso');

INSERT INTO ESTADO_SUBASTA ("ID_ESTADO_SUBASTA", "DESC_ESTADO") 
VALUES (ESTADO_SUBASTA_SEQ.NEXTVAL, 'Cerrada');

-- PRODUCTOS
INSERT INTO PRODUCTO ("ID_PRODUCTO", "ID_CATEGORIA","NOMBRE_PRODUCTO","PRECIO","ID_CALIDAD", "PORCENTAJE_MERMA") 
VALUES (PRODUCTO_SEQ.NEXTVAL, 1, 'Plátano verde', 250, 2, 0.3);

INSERT INTO PRODUCTO ("ID_PRODUCTO", "ID_CATEGORIA","NOMBRE_PRODUCTO","PRECIO","ID_CALIDAD", "PORCENTAJE_MERMA") 
VALUES (PRODUCTO_SEQ.NEXTVAL, 2, 'Manzana verde', 300, 3, 0.6);


-- PAISES DE SUDAMERICA
INSERT INTO PAIS VALUES(PAIS_SEQ.NEXTVAL,'ARGENTINA');
INSERT INTO PAIS VALUES(PAIS_SEQ.NEXTVAL,'BOLIVIA');
INSERT INTO PAIS VALUES(PAIS_SEQ.NEXTVAL,'BRASIL');
INSERT INTO PAIS VALUES(PAIS_SEQ.NEXTVAL,'COLOMBIA');
INSERT INTO PAIS VALUES(PAIS_SEQ.NEXTVAL,'CHILE');
INSERT INTO PAIS VALUES(PAIS_SEQ.NEXTVAL,'ECUADOR');
INSERT INTO PAIS VALUES(PAIS_SEQ.NEXTVAL,'GUYANA');
INSERT INTO PAIS VALUES(PAIS_SEQ.NEXTVAL,'PARAGUAY');
INSERT INTO PAIS VALUES(PAIS_SEQ.NEXTVAL,'PERU');
INSERT INTO PAIS VALUES(PAIS_SEQ.NEXTVAL,'SURINAM');
INSERT INTO PAIS VALUES(PAIS_SEQ.NEXTVAL,'URUGUAY');
INSERT INTO PAIS VALUES(PAIS_SEQ.NEXTVAL,'VENEZUELA');
INSERT INTO PAIS VALUES(PAIS_SEQ.NEXTVAL,'GUAYANA FRANCESA');
INSERT INTO PAIS VALUES(PAIS_SEQ.NEXTVAL,'ISLAS MALVINAS');

INSERT INTO REGION VALUES(1,'Arica y Parinacota',5);
INSERT INTO PROVINCIA VALUES(1,'Arica',1);
INSERT INTO COMUNA VALUES(1,'Arica',1);
INSERT INTO COMUNA VALUES(2,'Camarones',1);
INSERT INTO PROVINCIA VALUES(2,'Parinacota',1);
INSERT INTO COMUNA VALUES(3,'Putre',2);
INSERT INTO COMUNA VALUES(4,'General Lagos',2);
INSERT INTO REGION VALUES(2,'Tarapacá',5);
INSERT INTO PROVINCIA VALUES(3,'Iquique',2);
INSERT INTO COMUNA VALUES(5,'Iquique',3);
INSERT INTO COMUNA VALUES(6,'Alto Hospicio',3);
INSERT INTO PROVINCIA VALUES(4,'Tamarugal',2);
INSERT INTO COMUNA VALUES(7,'Pozo Almonte',4);
INSERT INTO COMUNA VALUES(8,'Camiña',4);
INSERT INTO COMUNA VALUES(9,'Colchane',4);
INSERT INTO COMUNA VALUES(10,'Huara',4);
INSERT INTO COMUNA VALUES(11,'Pica',4);
INSERT INTO REGION VALUES(3,'Antofagasta',5);
INSERT INTO PROVINCIA VALUES(5,'Antofagasta',3);
INSERT INTO COMUNA VALUES(12,'Antofagasta',5);
INSERT INTO COMUNA VALUES(13,'Mejillones',5);
INSERT INTO COMUNA VALUES(14,'Sierra Gorda',5);
INSERT INTO COMUNA VALUES(15,'Taltal',5);
INSERT INTO PROVINCIA VALUES(6,'El Loa',3);
INSERT INTO COMUNA VALUES(16,'Calama',6);
INSERT INTO COMUNA VALUES(17,'Ollagüe',6);
INSERT INTO COMUNA VALUES(18,'San Pedro de Atacama',6);
INSERT INTO PROVINCIA VALUES(7,'Tocopilla',3);
INSERT INTO COMUNA VALUES(19,'Tocopilla',7);
INSERT INTO COMUNA VALUES(20,'María Elena',7);
INSERT INTO REGION VALUES(4,'Atacama',5);
INSERT INTO PROVINCIA VALUES(8,'Copiapó',4);
INSERT INTO COMUNA VALUES(21,'Copiapó',8);
INSERT INTO COMUNA VALUES(22,'Caldera',8);
INSERT INTO COMUNA VALUES(23,'Tierra Amarilla',8);
INSERT INTO PROVINCIA VALUES(9,'Chañaral',4);
INSERT INTO COMUNA VALUES(24,'Chañaral',9);
INSERT INTO COMUNA VALUES(25,'Diego de Almagro',9);
INSERT INTO PROVINCIA VALUES(10,'Huasco',4);
INSERT INTO COMUNA VALUES(26,'Vallenar',10);
INSERT INTO COMUNA VALUES(27,'Alto del Carmen',10);
INSERT INTO COMUNA VALUES(28,'Freirina',10);
INSERT INTO COMUNA VALUES(29,'Huasco',10);
INSERT INTO REGION VALUES(5,'Coquimbo',5);
INSERT INTO PROVINCIA VALUES(11,'Elqui',5);
INSERT INTO COMUNA VALUES(30,'La Serena',11);
INSERT INTO COMUNA VALUES(31,'Coquimbo',11);
INSERT INTO COMUNA VALUES(32,'Andacollo',11);
INSERT INTO COMUNA VALUES(33,'La Higuera',11);
INSERT INTO COMUNA VALUES(34,'Paiguano',11);
INSERT INTO COMUNA VALUES(35,'Vicuña',11);
INSERT INTO PROVINCIA VALUES(12,'Choapa',5);
INSERT INTO COMUNA VALUES(36,'Illapel',12);
INSERT INTO COMUNA VALUES(37,'Canela',12);
INSERT INTO COMUNA VALUES(38,'Los Vilos',12);
INSERT INTO COMUNA VALUES(39,'Salamanca',12);
INSERT INTO PROVINCIA VALUES(13,'Limarí',5);
INSERT INTO COMUNA VALUES(40,'Ovalle',13);
INSERT INTO COMUNA VALUES(41,'Combarbalá',13);
INSERT INTO COMUNA VALUES(42,'Monte Patria',13);
INSERT INTO COMUNA VALUES(43,'Punitaqui',13);
INSERT INTO COMUNA VALUES(44,'Río Hurtado',13);
INSERT INTO REGION VALUES(6,'Valparaíso',5);
INSERT INTO PROVINCIA VALUES(14,'Valparaíso',6);
INSERT INTO COMUNA VALUES(45,'Valparaíso',14);
INSERT INTO COMUNA VALUES(46,'Casablanca',14);
INSERT INTO COMUNA VALUES(47,'Concón',14);
INSERT INTO COMUNA VALUES(48,'Juan Fernández',14);
INSERT INTO COMUNA VALUES(49,'Puchuncaví',14);
INSERT INTO COMUNA VALUES(50,'Quintero',14);
INSERT INTO COMUNA VALUES(51,'Viña del Mar',14);
INSERT INTO PROVINCIA VALUES(15,'Isla de Pascua',6);
INSERT INTO COMUNA VALUES(52,'Isla de Pascua',15);
INSERT INTO PROVINCIA VALUES(16,'Los Andes',6);
INSERT INTO COMUNA VALUES(53,'Los Andes',16);
INSERT INTO COMUNA VALUES(54,'Calle Larga',16);
INSERT INTO COMUNA VALUES(55,'Riconada',16);
INSERT INTO COMUNA VALUES(56,'San Esteban',16);
INSERT INTO PROVINCIA VALUES(17,'Petorca',6);
INSERT INTO COMUNA VALUES(57,'La Ligua',17);
INSERT INTO COMUNA VALUES(58,'Cabildo',17);
INSERT INTO COMUNA VALUES(59,'Papudo',17);
INSERT INTO COMUNA VALUES(60,'Petorca',17);
INSERT INTO COMUNA VALUES(61,'Zapallar',17);
INSERT INTO PROVINCIA VALUES(18,'Quillota',6);
INSERT INTO COMUNA VALUES(62,'Quillota',18);
INSERT INTO COMUNA VALUES(63,'La Calera',18);
INSERT INTO COMUNA VALUES(64,'Hijuelas',18);
INSERT INTO COMUNA VALUES(65,'La Cruz',18);
INSERT INTO COMUNA VALUES(66,'Nogales',18);
INSERT INTO PROVINCIA VALUES(19,'San Antonio',6);
INSERT INTO COMUNA VALUES(67,'San Antonio',19);
INSERT INTO COMUNA VALUES(68,'Algarrobo',19);
INSERT INTO COMUNA VALUES(69,'Cartagena',19);
INSERT INTO COMUNA VALUES(70,'El Quisco',19);
INSERT INTO COMUNA VALUES(71,'El Tabo',19);
INSERT INTO COMUNA VALUES(72,'Santo Domingo',19);
INSERT INTO PROVINCIA VALUES(20,'San Felipe de Aconcagua',6);
INSERT INTO COMUNA VALUES(73,'San Felipe',20);
INSERT INTO COMUNA VALUES(74,'Catemu',20);
INSERT INTO COMUNA VALUES(75,'Llaillay',20);
INSERT INTO COMUNA VALUES(76,'Panquehue',20);
INSERT INTO COMUNA VALUES(77,'Putaendo',20);
INSERT INTO COMUNA VALUES(78,'Santa María',20);
INSERT INTO PROVINCIA VALUES(21,'Marga Marga',6);
INSERT INTO COMUNA VALUES(79,'Quilpué',21);
INSERT INTO COMUNA VALUES(80,'Limache',21);
INSERT INTO COMUNA VALUES(81,'Olmué',21);
INSERT INTO COMUNA VALUES(82,'Villa Alemana',21);
INSERT INTO REGION VALUES(7,'Región del Libertador Gral. Bernardo OHiggins',5);
INSERT INTO PROVINCIA VALUES(22,'Cachapoal',7);
INSERT INTO COMUNA VALUES(83,'Rancagua',22);
INSERT INTO COMUNA VALUES(84,'Codegua',22);
INSERT INTO COMUNA VALUES(85,'Coinco',22);
INSERT INTO COMUNA VALUES(86,'Coltauco',22);
INSERT INTO COMUNA VALUES(87,'Doñihue',22);
INSERT INTO COMUNA VALUES(88,'Graneros',22);
INSERT INTO COMUNA VALUES(89,'Las Cabras',22);
INSERT INTO COMUNA VALUES(90,'Machalí',22);
INSERT INTO COMUNA VALUES(91,'Malloa',22);
INSERT INTO COMUNA VALUES(92,'Mostazal',22);
INSERT INTO COMUNA VALUES(93,'Olivar',22);
INSERT INTO COMUNA VALUES(94,'Peumo',22);
INSERT INTO COMUNA VALUES(95,'Pichidegua',22);
INSERT INTO COMUNA VALUES(96,'Quinta de Tilcoco',22);
INSERT INTO COMUNA VALUES(97,'Rengo',22);
INSERT INTO COMUNA VALUES(98,'Requínoa',22);
INSERT INTO COMUNA VALUES(99,'San Vicente',22);
INSERT INTO PROVINCIA VALUES(23,'Cardenal Caro',7);
INSERT INTO COMUNA VALUES(100,'Pichilemu',23);
INSERT INTO COMUNA VALUES(101,'La Estrella',23);
INSERT INTO COMUNA VALUES(102,'Litueche',23);
INSERT INTO COMUNA VALUES(103,'Marichihue',23);
INSERT INTO COMUNA VALUES(104,'Navidad',23);
INSERT INTO COMUNA VALUES(105,'Paredones',23);
INSERT INTO PROVINCIA VALUES(24,'Colchagua',7);
INSERT INTO COMUNA VALUES(106,'San Fernando',24);
INSERT INTO COMUNA VALUES(107,'Chépica',24);
INSERT INTO COMUNA VALUES(108,'Chimbarongo',24);
INSERT INTO COMUNA VALUES(109,'Lolol',24);
INSERT INTO COMUNA VALUES(110,'Nancagua',24);
INSERT INTO COMUNA VALUES(111,'Palmilla',24);
INSERT INTO COMUNA VALUES(112,'Peralillo',24);
INSERT INTO COMUNA VALUES(113,'Placilla',24);
INSERT INTO COMUNA VALUES(114,'Pumanque',24);
INSERT INTO COMUNA VALUES(115,'Santa Cruz',24);
INSERT INTO REGION VALUES(8,'Región del Maule',5);
INSERT INTO PROVINCIA VALUES(25,'Talca',8);
INSERT INTO COMUNA VALUES(116,'Talca',25);
INSERT INTO COMUNA VALUES(117,'Constitución',25);
INSERT INTO COMUNA VALUES(118,'Curepto',25);
INSERT INTO COMUNA VALUES(119,'Empedrado',25);
INSERT INTO COMUNA VALUES(120,'Maule',25);
INSERT INTO COMUNA VALUES(121,'Pelarco',25);
INSERT INTO COMUNA VALUES(122,'Pencahue',25);
INSERT INTO COMUNA VALUES(123,'Río Claro',25);
INSERT INTO COMUNA VALUES(124,'San Clemente',25);
INSERT INTO COMUNA VALUES(125,'San Rafael',25);
INSERT INTO PROVINCIA VALUES(26,'Cauquenes',8);
INSERT INTO COMUNA VALUES(126,'Cauquenes',26);
INSERT INTO COMUNA VALUES(127,'Chanco',26);
INSERT INTO COMUNA VALUES(128,'Pelluhue',26);
INSERT INTO PROVINCIA VALUES(27,'Curicó',8);
INSERT INTO COMUNA VALUES(129,'Curicó',27);
INSERT INTO COMUNA VALUES(130,'Hualañé',27);
INSERT INTO COMUNA VALUES(131,'Licantén',27);
INSERT INTO COMUNA VALUES(132,'Molina',27);
INSERT INTO COMUNA VALUES(133,'Rauco',27);
INSERT INTO COMUNA VALUES(134,'Romeral',27);
INSERT INTO COMUNA VALUES(135,'Sagrada Familia',27);
INSERT INTO COMUNA VALUES(136,'Teno',27);
INSERT INTO COMUNA VALUES(137,'Vichuquén',27);
INSERT INTO PROVINCIA VALUES(28,'Linares',8);
INSERT INTO COMUNA VALUES(138,'Linares',28);
INSERT INTO COMUNA VALUES(139,'Colbún',28);
INSERT INTO COMUNA VALUES(140,'Longaví',28);
INSERT INTO COMUNA VALUES(141,'Parral',28);
INSERT INTO COMUNA VALUES(142,'Retiro',28);
INSERT INTO COMUNA VALUES(143,'San Javier',28);
INSERT INTO COMUNA VALUES(144,'Villa Alegre',28);
INSERT INTO COMUNA VALUES(145,'Yerbas Buenas',28);
INSERT INTO REGION VALUES(9,'Región de Ñuble',5);
INSERT INTO PROVINCIA VALUES(29,'Diguillín',9);
INSERT INTO COMUNA VALUES(146,'Chillán',29);
INSERT INTO COMUNA VALUES(147,'Chillán Viejo',29);
INSERT INTO COMUNA VALUES(148,'Quillón',29);
INSERT INTO COMUNA VALUES(149,'Bulnes',29);
INSERT INTO COMUNA VALUES(150,'San Ignacio',29);
INSERT INTO COMUNA VALUES(151,'El Carmen',29);
INSERT INTO COMUNA VALUES(152,'Pinto',29);
INSERT INTO COMUNA VALUES(153,'Pemuco',29);
INSERT INTO COMUNA VALUES(154,'Yungay',29);
INSERT INTO PROVINCIA VALUES(30,'Itata',9);
INSERT INTO COMUNA VALUES(155,'Quirihue',30);
INSERT INTO COMUNA VALUES(156,'Cobquecura',30);
INSERT INTO COMUNA VALUES(157,'Ninhue',30);
INSERT INTO COMUNA VALUES(158,'Treguaco',30);
INSERT INTO COMUNA VALUES(159,'Coelemu',30);
INSERT INTO COMUNA VALUES(160,'Portezuelo',30);
INSERT INTO COMUNA VALUES(161,'Ránqui',30);
INSERT INTO PROVINCIA VALUES(31,'Punilla',9);
INSERT INTO COMUNA VALUES(162,'San Carlos',31);
INSERT INTO COMUNA VALUES(163,'Ñiquén',31);
INSERT INTO COMUNA VALUES(164,'Coihueco',31);
INSERT INTO COMUNA VALUES(165,'San Fabián',31);
INSERT INTO COMUNA VALUES(166,'San Nico',31);
INSERT INTO REGION VALUES(10,'Región del Biobío',5);
INSERT INTO PROVINCIA VALUES(32,'Concepción',10);
INSERT INTO COMUNA VALUES(167,'Concepción',32);
INSERT INTO COMUNA VALUES(168,'Coronel',32);
INSERT INTO COMUNA VALUES(169,'Chiguayante',32);
INSERT INTO COMUNA VALUES(170,'Florida',32);
INSERT INTO COMUNA VALUES(171,'Hualqui',32);
INSERT INTO COMUNA VALUES(172,'Lota',32);
INSERT INTO COMUNA VALUES(173,'Penco',32);
INSERT INTO COMUNA VALUES(174,'San Pedro de la Paz',32);
INSERT INTO COMUNA VALUES(175,'Santa Juana',32);
INSERT INTO COMUNA VALUES(176,'Talcahuano',32);
INSERT INTO COMUNA VALUES(177,'Tomé',32);
INSERT INTO COMUNA VALUES(178,'Hualpén',32);
INSERT INTO PROVINCIA VALUES(33,'Arauco',10);
INSERT INTO COMUNA VALUES(179,'Lebu',33);
INSERT INTO COMUNA VALUES(180,'Arauco',33);
INSERT INTO COMUNA VALUES(181,'Cañete',33);
INSERT INTO COMUNA VALUES(182,'Contulmo',33);
INSERT INTO COMUNA VALUES(183,'Curanilahue',33);
INSERT INTO COMUNA VALUES(184,'Los Álamos',33);
INSERT INTO COMUNA VALUES(185,'Tirúa',33);
INSERT INTO PROVINCIA VALUES(34,'Biobío',10);
INSERT INTO COMUNA VALUES(186,'Los Ángeles',34);
INSERT INTO COMUNA VALUES(187,'Antuco',34);
INSERT INTO COMUNA VALUES(188,'Cabrero',34);
INSERT INTO COMUNA VALUES(189,'Laja',34);
INSERT INTO COMUNA VALUES(190,'Mulchén',34);
INSERT INTO COMUNA VALUES(191,'Nacimiento',34);
INSERT INTO COMUNA VALUES(192,'Negrete',34);
INSERT INTO COMUNA VALUES(193,'Quilaco',34);
INSERT INTO COMUNA VALUES(194,'Quilleco',34);
INSERT INTO COMUNA VALUES(195,'San Rosendo',34);
INSERT INTO COMUNA VALUES(196,'Santa Bárbara',34);
INSERT INTO COMUNA VALUES(197,'Tucapel',34);
INSERT INTO COMUNA VALUES(198,'Yumbel',34);
INSERT INTO COMUNA VALUES(199,'Alto Biobío',34);
INSERT INTO REGION VALUES(11,'Región de la Araucanía',5);
INSERT INTO PROVINCIA VALUES(35,'Cautín',11);
INSERT INTO COMUNA VALUES(200,'Temuco',35);
INSERT INTO COMUNA VALUES(201,'Carahue',35);
INSERT INTO COMUNA VALUES(202,'Cunco',35);
INSERT INTO COMUNA VALUES(203,'Curarrehue',35);
INSERT INTO COMUNA VALUES(204,'Freire',35);
INSERT INTO COMUNA VALUES(205,'Galvarino',35);
INSERT INTO COMUNA VALUES(206,'Gorbea',35);
INSERT INTO COMUNA VALUES(207,'Lautaro',35);
INSERT INTO COMUNA VALUES(208,'Loncoche',35);
INSERT INTO COMUNA VALUES(209,'Melipeuco',35);
INSERT INTO COMUNA VALUES(210,'Nueva Imperial',35);
INSERT INTO COMUNA VALUES(211,'Padre Las Casas',35);
INSERT INTO COMUNA VALUES(212,'Perquenco',35);
INSERT INTO COMUNA VALUES(213,'Pitrufquén',35);
INSERT INTO COMUNA VALUES(214,'Pucón',35);
INSERT INTO COMUNA VALUES(215,'Saavedra',35);
INSERT INTO COMUNA VALUES(216,'Teodoro Schmidt',35);
INSERT INTO COMUNA VALUES(217,'Toltén',35);
INSERT INTO COMUNA VALUES(218,'Vilcún',35);
INSERT INTO COMUNA VALUES(219,'Villarrica',35);
INSERT INTO COMUNA VALUES(220,'Cholchol',35);
INSERT INTO PROVINCIA VALUES(36,'Malleco',11);
INSERT INTO COMUNA VALUES(221,'Angol',36);
INSERT INTO COMUNA VALUES(222,'Collipulli',36);
INSERT INTO COMUNA VALUES(223,'Curacautín',36);
INSERT INTO COMUNA VALUES(224,'Ercilla',36);
INSERT INTO COMUNA VALUES(225,'Lonquimay',36);
INSERT INTO COMUNA VALUES(226,'Los Sauces',36);
INSERT INTO COMUNA VALUES(227,'Lumaco',36);
INSERT INTO COMUNA VALUES(228,'Purén',36);
INSERT INTO COMUNA VALUES(229,'Renaico',36);
INSERT INTO COMUNA VALUES(230,'Traiguén',36);
INSERT INTO COMUNA VALUES(231,'Victoria',36);
INSERT INTO REGION VALUES(12,'Región de los Ríos',5);
INSERT INTO PROVINCIA VALUES(37,'Valdivia',12);
INSERT INTO COMUNA VALUES(232,'Valdivia',37);
INSERT INTO COMUNA VALUES(233,'Corral',37);
INSERT INTO COMUNA VALUES(234,'Lanco',37);
INSERT INTO COMUNA VALUES(235,'Los Lagos',37);
INSERT INTO COMUNA VALUES(236,'Máfil',37);
INSERT INTO COMUNA VALUES(237,'Mariquina',37);
INSERT INTO COMUNA VALUES(238,'Paillaco',37);
INSERT INTO COMUNA VALUES(239,'Panguipulli',37);
INSERT INTO PROVINCIA VALUES(38,'Ranco',12);
INSERT INTO COMUNA VALUES(240,'La Unión',38);
INSERT INTO COMUNA VALUES(241,'Futrono',38);
INSERT INTO COMUNA VALUES(242,'Lago Ranco',38);
INSERT INTO COMUNA VALUES(243,'Río Bueno',38);
INSERT INTO REGION VALUES(13,'Región de los Lagos',5);
INSERT INTO PROVINCIA VALUES(39,'Llanquihue',13);
INSERT INTO COMUNA VALUES(244,'Puerto Montt',39);
INSERT INTO COMUNA VALUES(245,'Calbuco',39);
INSERT INTO COMUNA VALUES(246,'Cochamó',39);
INSERT INTO COMUNA VALUES(247,'Fresia',39);
INSERT INTO COMUNA VALUES(248,'Frutillar',39);
INSERT INTO COMUNA VALUES(249,'Los Muermos',39);
INSERT INTO COMUNA VALUES(250,'Llanquihue',39);
INSERT INTO COMUNA VALUES(251,'Maullín',39);
INSERT INTO COMUNA VALUES(252,'Puerto Varas',39);
INSERT INTO PROVINCIA VALUES(40,'Chiloé',13);
INSERT INTO COMUNA VALUES(253,'Castro',40);
INSERT INTO COMUNA VALUES(254,'Ancud',40);
INSERT INTO COMUNA VALUES(255,'Chonchi',40);
INSERT INTO COMUNA VALUES(256,'Curaco de Vélez',40);
INSERT INTO COMUNA VALUES(257,'Dalcahue',40);
INSERT INTO COMUNA VALUES(258,'Puqueldón',40);
INSERT INTO COMUNA VALUES(259,'Queilén',40);
INSERT INTO COMUNA VALUES(260,'Quellón',40);
INSERT INTO COMUNA VALUES(261,'Quemchi',40);
INSERT INTO COMUNA VALUES(262,'Quinchao',40);
INSERT INTO PROVINCIA VALUES(41,'Osorno',13);
INSERT INTO COMUNA VALUES(263,'Osorno',41);
INSERT INTO COMUNA VALUES(264,'Puerto Octay',41);
INSERT INTO COMUNA VALUES(265,'Purranque',41);
INSERT INTO COMUNA VALUES(266,'Puyehue',41);
INSERT INTO COMUNA VALUES(267,'Río Negro',41);
INSERT INTO COMUNA VALUES(268,'San Juan de la Costa',41);
INSERT INTO COMUNA VALUES(269,'San Pablo',41);
INSERT INTO PROVINCIA VALUES(42,'Palena',13);
INSERT INTO COMUNA VALUES(270,'Chaitén',42);
INSERT INTO COMUNA VALUES(271,'Futaleufú',42);
INSERT INTO COMUNA VALUES(272,'Hualaihué',42);
INSERT INTO COMUNA VALUES(273,'Palena',42);
INSERT INTO REGION VALUES(14,'Región Aisén del Gral. Carlos Ibañez del Campo',5);
INSERT INTO PROVINCIA VALUES(43,'Coyhaique',14);
INSERT INTO COMUNA VALUES(274,'Coihaique',43);
INSERT INTO COMUNA VALUES(275,'Lago Verde',43);
INSERT INTO PROVINCIA VALUES(44,'Aisén',14);
INSERT INTO COMUNA VALUES(276,'Aisén',44);
INSERT INTO COMUNA VALUES(277,'Cisnes',44);
INSERT INTO COMUNA VALUES(278,'Guaitecas',44);
INSERT INTO PROVINCIA VALUES(45,'Capitán Pratt',14);
INSERT INTO COMUNA VALUES(279,'Cochrane',45);
INSERT INTO COMUNA VALUES(280,'O Higgins',45);
INSERT INTO COMUNA VALUES(281,'Tortel',45);
INSERT INTO PROVINCIA VALUES(46,'General Carrera',14);
INSERT INTO COMUNA VALUES(282,'Chile Chico',46);
INSERT INTO COMUNA VALUES(283,'Río Ibáñez',46);
INSERT INTO REGION VALUES(15,'Región de Magallanes y de la Antártica Chilena',5);
INSERT INTO PROVINCIA VALUES(47,'Magallanes',15);
INSERT INTO COMUNA VALUES(284,'Punta Arenas',47);
INSERT INTO COMUNA VALUES(285,'Laguna Blanca',47);
INSERT INTO COMUNA VALUES(286,'Río Verde',47);
INSERT INTO COMUNA VALUES(287,'San Gregorio',47);
INSERT INTO PROVINCIA VALUES(48,'Antártica Chilena',15);
INSERT INTO COMUNA VALUES(288,'Cabo de Hornos',48);
INSERT INTO COMUNA VALUES(289,'Antártica',48);
INSERT INTO PROVINCIA VALUES(49,'Tierra del Fuego',15);
INSERT INTO COMUNA VALUES(290,'Porvenir',49);
INSERT INTO COMUNA VALUES(291,'Primavera',49);
INSERT INTO COMUNA VALUES(292,'Timaukel',49);
INSERT INTO PROVINCIA VALUES(50,'Última Esperanza',15);
INSERT INTO COMUNA VALUES(293,'Natales',50);
INSERT INTO COMUNA VALUES(294,'Torres del Paine',50);
INSERT INTO REGION VALUES(16,'Región Metropolitana de Santiago',5);
INSERT INTO PROVINCIA VALUES(51,'Santiago',16);
INSERT INTO COMUNA VALUES(295,'Santiago',51);
INSERT INTO COMUNA VALUES(296,'Cerrillos',51);
INSERT INTO COMUNA VALUES(297,'Cerro Navia',51);
INSERT INTO COMUNA VALUES(298,'Conchalí',51);
INSERT INTO COMUNA VALUES(299,'El Bosque',51);
INSERT INTO COMUNA VALUES(300,'Estación Central',51);
INSERT INTO COMUNA VALUES(301,'Huechuraba',51);
INSERT INTO COMUNA VALUES(302,'Independencia',51);
INSERT INTO COMUNA VALUES(303,'La Cisterna',51);
INSERT INTO COMUNA VALUES(304,'La Florida',51);
INSERT INTO COMUNA VALUES(305,'La Granja',51);
INSERT INTO COMUNA VALUES(306,'La Pintana',51);
INSERT INTO COMUNA VALUES(307,'La Reina',51);
INSERT INTO COMUNA VALUES(308,'Las Condes',51);
INSERT INTO COMUNA VALUES(309,'Lo Barnechea',51);
INSERT INTO COMUNA VALUES(310,'Lo Espejo',51);
INSERT INTO COMUNA VALUES(311,'Lo Prado',51);
INSERT INTO COMUNA VALUES(312,'Macul',51);
INSERT INTO COMUNA VALUES(313,'Maipú',51);
INSERT INTO COMUNA VALUES(314,'Ñuñoa',51);
INSERT INTO COMUNA VALUES(315,'Pedro Aguirre Cerda',51);
INSERT INTO COMUNA VALUES(316,'Peñalolén',51);
INSERT INTO COMUNA VALUES(317,'Providencia',51);
INSERT INTO COMUNA VALUES(318,'Pudahuel',51);
INSERT INTO COMUNA VALUES(319,'Quilicura',51);
INSERT INTO COMUNA VALUES(320,'Quinta Normal',51);
INSERT INTO COMUNA VALUES(321,'Recoleta',51);
INSERT INTO COMUNA VALUES(322,'Renca',51);
INSERT INTO COMUNA VALUES(323,'San Joaquín',51);
INSERT INTO COMUNA VALUES(324,'San Miguel',51);
INSERT INTO COMUNA VALUES(325,'San Ramón',51);
INSERT INTO COMUNA VALUES(326,'Vitacura',51);
INSERT INTO PROVINCIA VALUES(52,'Cordillera',16);
INSERT INTO COMUNA VALUES(327,'Puente Alto',52);
INSERT INTO COMUNA VALUES(328,'Pirque',52);
INSERT INTO COMUNA VALUES(329,'San José de Maipo',52);
INSERT INTO PROVINCIA VALUES(53,'Chacabuco',16);
INSERT INTO COMUNA VALUES(330,'Colina',53);
INSERT INTO COMUNA VALUES(331,'Lampa',53);
INSERT INTO COMUNA VALUES(332,'Tiltil',53);
INSERT INTO PROVINCIA VALUES(54,'Maipo',16);
INSERT INTO COMUNA VALUES(333,'San Bernardo',54);
INSERT INTO COMUNA VALUES(334,'Buin',54);
INSERT INTO COMUNA VALUES(335,'Calera de Tango',54);
INSERT INTO COMUNA VALUES(336,'Paine',54);
INSERT INTO PROVINCIA VALUES(55,'Mellipilla',16);
INSERT INTO COMUNA VALUES(337,'Melipilla',55);
INSERT INTO COMUNA VALUES(338,'Alhué',55);
INSERT INTO COMUNA VALUES(339,'Curacaví',55);
INSERT INTO COMUNA VALUES(340,'María Pinto',55);
INSERT INTO COMUNA VALUES(341,'San Pedro',55);
INSERT INTO PROVINCIA VALUES(56,'Talagante',16);
INSERT INTO COMUNA VALUES(342,'Talagante',56);
INSERT INTO COMUNA VALUES(343,'El Monte',56);
INSERT INTO COMUNA VALUES(344,'Isla de Maipo',56);
INSERT INTO COMUNA VALUES(345,'Padre Hurtado',56);
INSERT INTO COMUNA VALUES(346,'Peñaflor',56);

-- PRODUCTORES
INSERT INTO PRODUCTOR ("RUT", "DV_RUT", "RAZON_SOCIAL", "DIRECCION", "GIRO", "ID_COMUNA", "ID_USUARIO") 
VALUES (123, '6', 'Razon social productor', 'direccion productor', 'giro productor', 3, 4);

INSERT INTO PRODUCTOR ("RUT", "DV_RUT", "RAZON_SOCIAL", "DIRECCION", "GIRO", "ID_COMUNA", "ID_USUARIO") 
VALUES (345, '2', 'Razon social productor 2', 'direccion productor 2', 'giro productor 2', 3, 5);

-- CLIENTES
INSERT INTO CLIENTE ("RUT", "DV_RUT","RAZON_SOCIAL","DIRECCION","GIRO","ID_COMUNA","ID_USUARIO","ID_TIPO") 
VALUES (1, '9', 'Cliente de prueba', 'Calle 2, Of. 32', 'Comercializadora de productos', 4, 2, 1);

-- PROCESOS DE VENTA
INSERT INTO CABECERA_PV ("ID_CABECERA_PV", "FECHA_EMISION","OBS_PV","RUT_CLIENTE","ESTADO_PV","EMPRESA_TRANS") 
VALUES (CABECERA_PV_SEQ.NEXTVAL, SYSDATE, 'Observaciones de proceso de venta', 1, 1, 1);

INSERT INTO DETALLE_PV ("ID_DETALLE_PV", "ID_PRODUCTO","CANTIDAD","PRECIO_UNITARIO","ID_CABECERA_PV") 
VALUES (DETALLE_PV_SEQ.NEXTVAL, 1, 300, 250, 1);

INSERT INTO DETALLE_PV ("ID_DETALLE_PV", "ID_PRODUCTO","CANTIDAD","PRECIO_UNITARIO","ID_CABECERA_PV") 
VALUES (DETALLE_PV_SEQ.NEXTVAL, 2, 200, 300, 1);

INSERT INTO CABECERA_PV ("ID_CABECERA_PV", "FECHA_EMISION","OBS_PV","RUT_CLIENTE","ESTADO_PV","EMPRESA_TRANS") 
VALUES (CABECERA_PV_SEQ.NEXTVAL, SYSDATE, 'Observaciones de proceso de venta 2', 1, 1, 1);

INSERT INTO DETALLE_PV ("ID_DETALLE_PV", "ID_PRODUCTO","CANTIDAD","PRECIO_UNITARIO","ID_CABECERA_PV") 
VALUES (DETALLE_PV_SEQ.NEXTVAL, 1, 10, 250, 2);

-- SUBASTAS TRANSPORTE
INSERT INTO CABECERA_SUBASTA ("ID_CABECERA_SUBASTA", "FECHA_LIMITE_ENTREGA","ID_COMUNA","ID_CABECERA_PV","ID_ESTADO_SUBASTA") 
VALUES (CABECERA_SUBASTA_SEQ.NEXTVAL, SYSDATE, 3, 1, 1);

INSERT INTO DETALLE_SUBASTA ("ID_DETALLE_SUBASTA", "FECHA_ESTIMADA_ENTREGA","CAPACIDAD_CARGA","REFRIGERACION","PESO_MAX","EXTRAS","PRECIO","ID_CABECERA_SUBASTA","ID_EMPRESA_TRANS") 
VALUES (DETALLE_SUBASTA_SEQ.NEXTVAL, SYSDATE, 'Harta carga', 'Muy frio', '300kg', 'Sin extras', 30000, 1, 2);

INSERT INTO DETALLE_SUBASTA ("ID_DETALLE_SUBASTA", "FECHA_ESTIMADA_ENTREGA","CAPACIDAD_CARGA","REFRIGERACION","PESO_MAX","EXTRAS","PRECIO","ID_CABECERA_SUBASTA","ID_EMPRESA_TRANS") 
VALUES (DETALLE_SUBASTA_SEQ.NEXTVAL, SYSDATE, 'Mucha carga', 'Superfrio', '500kg', 'Sin extras', 60000, 1, 3);

-- POSTULACION PRODUCTOR
INSERT INTO CABECERA_POSTULACION ("ID_CABECERA_POSTULACION", "FECHA_EMISION","RUT_PRODUCTOR","CABECERA_PV") 
VALUES (CABECERA_POSTULACION_SEQ.NEXTVAL, SYSDATE, 123, 1);

INSERT INTO CABECERA_POSTULACION ("ID_CABECERA_POSTULACION", "FECHA_EMISION","RUT_PRODUCTOR","CABECERA_PV") 
VALUES (CABECERA_POSTULACION_SEQ.NEXTVAL, SYSDATE, 345, 1);

INSERT INTO DETALLE_POSTULACION ("ID_DETALLE_POSTULACION", "ID_CABECERA_POSTULACION","ID_PRODUCTO","CANTIDAD","PRECIO_UNITARIO") 
VALUES (DETALLE_SUBASTA_SEQ.NEXTVAL, 1, 1, 100, 200);

INSERT INTO DETALLE_POSTULACION ("ID_DETALLE_POSTULACION", "ID_CABECERA_POSTULACION","ID_PRODUCTO","CANTIDAD","PRECIO_UNITARIO") 
VALUES (DETALLE_SUBASTA_SEQ.NEXTVAL, 1, 2, 50, 150);

INSERT INTO DETALLE_POSTULACION ("ID_DETALLE_POSTULACION", "ID_CABECERA_POSTULACION","ID_PRODUCTO","CANTIDAD","PRECIO_UNITARIO") 
VALUES (DETALLE_SUBASTA_SEQ.NEXTVAL, 2, 1, 50, 230);

INSERT INTO DETALLE_POSTULACION ("ID_DETALLE_POSTULACION", "ID_CABECERA_POSTULACION","ID_PRODUCTO","CANTIDAD","PRECIO_UNITARIO") 
VALUES (DETALLE_SUBASTA_SEQ.NEXTVAL, 2, 2, 150, 200);

COMMIT;
